Workbook

Sheet Product Backlog
A1: Enci-Intel — Product Backlog (Equipo 1 / Grupo 9)
A2: Fuente: bitácora de desarrollo al 02-10-2026 · corte 02-10-2026 · Estimación en story points (referencial, validar en refinamiento)
A4: ID | B4: Épica | C4: Historia de usuario | D4: Criterios de aceptación | E4: Prioridad (MoSCoW) | F4: Estimación (SP) | G4: Sprint | H4: Estado | I4: Fecha de cierre | J4: Evidencia
A5: HU-01 | B5: E1 Fundamentos | C5: Como equipo, quiero definir qué construimos y qué hacen otros equipos, para evitar solapamientos. | D5: Alcance dentro/fuera documentado; fronteras del Dashboard y de competidores explícitas. | E5: Must | F5: 2 | G5: Sprint 1 | H5: Terminado | I5: 02-09-2026 | J5: Bitácora §1
A6: HU-02 | B6: E1 Fundamentos | C6: Como equipo, quiero elegir el stack tecnológico, para construir sobre una base compatible con Vercel. | D6: Decisión justificada: Next.js + Firebase Auth + Firestore en un proyecto nuevo. | E6: Must | F6: 1 | G6: Sprint 1 | H6: Terminado | I6: 02-09-2026 | J6: Bitácora §3
A7: HU-03 | B7: E1 Fundamentos | C7: Como plataforma, quiero un modelo de datos multitenant, para que cada empresa tenga sus datos aislados. | D7: Colecciones empresas, users, competidores y productos con id explícito y rol superadmin; validado por el PO. | E7: Must | F7: 5 | G7: Sprint 1 | H7: Terminado | I7: 02-09-2026 | J7: Bitácora §4 y §5
A8: HU-04 | B8: E1 Fundamentos | C8: Como desarrollador, quiero un proyecto Next.js con SDK de Firebase, para empezar a construir la app. | D8: tsc sin errores; build de producción exitoso; versión parchada 15.5.25. | E8: Must | F8: 3 | G8: Sprint 1 | H8: Terminado | I8: 07-09-2026 | J8: Bitácora §8
A9: HU-05 | B9: E1 Fundamentos | C9: Como equipo, quiero un proyecto Firebase de prueba, para validar el diseño con datos sintéticos. | D9: enci-intel-test con Auth (correo/contraseña), Firestore y empresas A y B con sus admins. | E9: Must | F9: 3 | G9: Sprint 1 | H9: Terminado | I9: 09-09-2026 | J9: Bitácora §9
A10: HU-06 | B10: E2 Seguridad multitenant | C10: Como equipo, quiero datos sintéticos de competidores y productos, para probar el aislamiento. | D10: Un competidor y un producto por empresa, con relaciones correctas. | E10: Must | F10: 2 | G10: Sprint 2 | H10: Terminado | I10: 16-09-2026 | J10: Bitácora (16-09)
A11: HU-07 | B11: E2 Seguridad multitenant | C11: Como empresa, quiero que ningún usuario de otra empresa acceda a mis datos, para proteger mi información. | D11: Reglas publicadas; pruebas en Emulator 10/10 (acceso cruzado, cambio de empresa, escalada a superadmin). | E11: Must | F11: 8 | G11: Sprint 2 | H11: Terminado | I11: 16-09-2026 | J11: Bitácora (16-09)
A12: HU-08 | B12: E3 Autenticación y roles | C12: Como usuario, quiero iniciar sesión con correo y contraseña, para acceder a la información de mi empresa. | D12: Valida perfil, estado activo, rol y empresaId; redirige al Dashboard; muestra errores reales. | E12: Must | F12: 5 | G12: Sprint 2 | H12: Terminado | I12: 23-09-2026 | J12: Bitácora (23-09)
A13: HU-09 | B13: E3 Autenticación y roles | C13: Como equipo, quiero usuarios de prueba para cada rol, para validar permisos. | D13: Superadmin, admins A/B, gerencia y comercial creados y operativos. | E13: Must | F13: 2 | G13: Sprint 3 | H13: Terminado | I13: 29-09-2026 | J13: Bitácora §21
A14: HU-10 | B14: E3 Autenticación y roles | C14: Como superadmin, quiero entrar sin tener empresa asignada y ver todas las empresas, para administrar la plataforma. | D14: Login acepta empresaId = null; vista de empresas con selector; integrado en main. | E14: Must | F14: 3 | G14: Sprint 3 | H14: Terminado | I14: 30-09-2026 | J14: PR #1 (merge a113583); Bitácora §21, §23 y §24.1
A15: HU-11 | B15: E3 Autenticación y roles | C15: Como plataforma, quiero proteger rutas y vistas según el rol, para que cada usuario vea solo lo que le corresponde. | D15: Rutas protegidas; vistas diferenciadas por rol; sin acceso por URL directa. | E15: Must | F15: 5 | H15: Pendiente | J15: —
A16: HU-12 | B16: E3 Autenticación y roles | C16: Como admin, quiero crear, editar y desactivar usuarios de mi empresa, para gestionar mi equipo sin ayuda externa. | D16: Alta, edición, asignación de rol y estado; solo roles de su empresa (según reglas). | E16: Must | F16: 8 | H16: Pendiente | J16: —
A17: HU-13 | B17: E3 Autenticación y roles | C17: Como superadmin, quiero crear empresas y su primer admin, para incorporar clientes sin nuevo código. | D17: Alta de empresa y de su admin inicial; la nueva empresa queda aislada. | E17: Should | F17: 5 | H17: Pendiente | J17: —
A18: HU-14 | B18: E4 Dashboard | C18: Como usuario, quiero un Dashboard con la información de mi empresa, para ver el estado de la competencia. | D18: Muestra sesión, empresa, rol, competidores y productos del tenant. | E18: Must | F18: 3 | G18: Sprint 2 | H18: Terminado | I18: 23-09-2026 | J18: Bitácora (23-09)
A19: HU-15 | B19: E4 Dashboard | C19: Como otros equipos, queremos un layout con navegación y espacios para KPIs y alertas, para conectar nuestros datos. | D19: Layout, navegación, estructura de KPIs y estados de carga listos para integración. | E19: Should | F19: 8 | H19: Pendiente | J19: —
A20: HU-16 | B20: E5 Competidores y productos | C20: Como usuario, quiero ver los competidores de mi empresa, para conocer mi competencia. | D20: Listado filtrado por empresaId. | E20: Must | F20: 2 | G20: Sprint 2 | H20: Terminado | I20: 23-09-2026 | J20: Bitácora (23-09)
A21: HU-17 | B21: E5 Competidores y productos | C21: Como usuario, quiero buscar y filtrar competidores, para encontrar rápido la información. | D21: Búsqueda por nombre o tipo sin distinguir tildes; filtro por estado. | E21: Should | F21: 3 | H21: Pendiente | J21: —
A22: HU-18 | B22: E5 Competidores y productos | C22: Como admin, quiero crear competidores de mi empresa, para mantener actualizada mi base. | D22: Formulario para admin y superadmin (en la empresa seleccionada); gerencia y comercial sin formulario; id = ID del documento; empresaId del tenant; pruebas 4/4 de roles y aislamiento. | E22: Must | F22: 5 | G22: Sprint 3 | H22: Terminado | I22: 02-10-2026 | J22: PR #2 (commit 1d25fa9); Bitácora §24.3 y §26; Evidencias_Scrum
A23: HU-19 | B23: E5 Competidores y productos | C23: Como admin, quiero registrar y editar los productos de cada competidor con categoría y precio, para comparar la oferta. | D23: Alta, edición y desactivación; precio en CLP opcional y no negativo; respeta reglas por competidor. | E23: Must | F23: 5 | G23: Sprint 3 | H23: Por hacer | J23: —
A24: HU-20 | B24: E6 Entorno y despliegue | C24: Como equipo, queremos la app desplegada en Vercel, para compartir un entorno de prueba. | D24: Repo conectado; Root Directory = enci-intel-app (antes Prueba); variables de Firebase en Production y Preview; dominio autorizado. | E24: Must | F24: 3 | G24: Sprint 2 | H24: Terminado | I24: 23-09-2026 | J24: Bitácora (23-09)
A25: HU-21 | B25: E6 Entorno y despliegue | C25: Como desarrollador sin permisos de instalación, quiero un entorno Vercel personal con Preview por rama, para probar sin afectar producción. | D25: Fork + Vercel Hobby; 6 variables en Production, Preview y Development; flujo desde el navegador. | E25: Should | F25: 3 | G25: Sprint 3 | H25: Terminado | I25: 29-09-2026 | J25: Bitácora §20
A26: HU-22 | B26: E6 Entorno y despliegue | C26: Como stakeholder, quiero recibir accesos de prueba, para revisar el avance. | D26: URL y un usuario por rol enviados a Karina y Emi por mensaje privado. | E26: Must | F26: 1 | G26: Sprint 3 | H26: Por hacer | J26: —
A27: HU-23 | B27: E6 Entorno y despliegue | C27: Como equipo, queremos el proyecto en Docker, para cumplir el Hito 2. | D27: Proyecto completo levantado con Docker. | E27: Must | F27: 8 | H27: Pendiente | J27: Hito 2 (26-10 al 31-10)
A28: HU-24 | B28: E5 Competidores y productos | C28: Como empresa, quiero definir dónde se registran mis reportes, para que los agentes de otros equipos los generen. | D28: Estructura de reportes definida en el modelo y acordada con los equipos 2 y 3. | E28: Could | F28: 5 | H28: Pendiente | J28: —
A29: HU-25 | B29: E7 Documentación y coordinación | C29: Como equipo, queremos formalizar el campo estado en competidores y productos, para que el modelo coincida con la app. | D29: Modelo de datos actualizado en la bitácora, incluyendo estado y creado_en. | E29: Should | F29: 1 | H29: Pendiente | J29: Bitácora §22
A30: HU-26 | B30: E7 Documentación y coordinación | C30: Como equipo, queremos comparar nuestro diseño multitenant con el borrador del PO, para alinear decisiones. | D30: Comparación documentada una vez recibido el borrador. | E30: Should | F30: 2 | H30: Pendiente | J30: Pendiente de recepción
A31: HU-27 | B31: E7 Documentación y coordinación | C31: Como equipo, queremos definir el uso de Corestream en la arquitectura, para decidir si se incorpora. | D31: Uso técnico acordado y documentado. | E31: Could | F31: 2 | H31: Pendiente | J31: Bitácora §13
A32: HU-28 | B32: E7 Documentación y coordinación | C32: Como equipo, queremos una guía de trabajo colaborativo, para trabajar por ramas y PR sin romper main. | D32: Guía de ramas, PR y Vercel documentada. | E32: Should | F32: 2 | G32: Sprint 2 | H32: Terminado | I32: 23-09-2026 | J32: Bitácora §18
A33: HU-29 | B33: E5 Competidores y productos | C33: Como admin, quiero editar y desactivar competidores, para corregir datos sin perder historial. | D33: Edición de nombre y tipo; desactivación por estado (sin borrado); mismos permisos y aislamiento que el alta. | E33: Must | F33: 3 | G33: Sprint 3 | H33: Por hacer | J33: —
A34: HU-30 | B34: E7 Documentación y coordinación | C34: Como equipo, queremos un set de datos de prueba realista de competidores y productos, para probar el MVP sin depender de datos reales del cliente. | D34: 9 competidores y 19 productos ficticios para empresa_a y empresa_b; casos borde; script validar/cargar/verificar/borrar; 12 casos de prueba documentados. | E34: Must | F34: 3 | G34: Sprint 3 | H34: En progreso | J34: PR feat/datos-prueba; Bitácora §27 y §28; Datos_de_Prueba.xlsx

Sheet Resumen
A1: Resumen del Product Backlog
A2: Todas las cifras se calculan con fórmulas desde la hoja Product Backlog.
A4: Estado | B4: N° ítems | C4: Story points
A5: Terminado | B5: =COUNTIF('Product Backlog'!$H$5:$H$34,A5) -> 16 | C5: =SUMIF('Product Backlog'!$H$5:$H$34,A5,'Product Backlog'!$F$5:$F$34) -> 52
A6: En revisión | B6: =COUNTIF('Product Backlog'!$H$5:$H$34,A6) -> 0 | C6: =SUMIF('Product Backlog'!$H$5:$H$34,A6,'Product Backlog'!$F$5:$F$34) -> 0
A7: En progreso | B7: =COUNTIF('Product Backlog'!$H$5:$H$34,A7) -> 1 | C7: =SUMIF('Product Backlog'!$H$5:$H$34,A7,'Product Backlog'!$F$5:$F$34) -> 3
A8: Por hacer | B8: =COUNTIF('Product Backlog'!$H$5:$H$34,A8) -> 3 | C8: =SUMIF('Product Backlog'!$H$5:$H$34,A8,'Product Backlog'!$F$5:$F$34) -> 9
A9: Pendiente | B9: =COUNTIF('Product Backlog'!$H$5:$H$34,A9) -> 10 | C9: =SUMIF('Product Backlog'!$H$5:$H$34,A9,'Product Backlog'!$F$5:$F$34) -> 47
A10: Total | B10: =SUM(B5:B9) -> 30 | C10: =SUM(C5:C9) -> 111
A12: % avance (SP terminados / SP totales) | C12: =IFERROR(C5/C10,0) -> 0.46846847
A14: Sprint | B14: SP comprometidos | C14: SP terminados | D14: % cumplimiento
A15: Sprint 1 | B15: =SUMIF('Product Backlog'!$G$5:$G$34,A15,'Product Backlog'!$F$5:$F$34) -> 14 | C15: =SUMIFS('Product Backlog'!$F$5:$F$34,'Product Backlog'!$G$5:$G$34,A15,'Product Backlog'!$H$5:$H$34,"Terminado") -> 14 | D15: =IFERROR(C15/B15,0) -> 1
A16: Sprint 2 | B16: =SUMIF('Product Backlog'!$G$5:$G$34,A16,'Product Backlog'!$F$5:$F$34) -> 25 | C16: =SUMIFS('Product Backlog'!$F$5:$F$34,'Product Backlog'!$G$5:$G$34,A16,'Product Backlog'!$H$5:$H$34,"Terminado") -> 25 | D16: =IFERROR(C16/B16,0) -> 1
A17: Sprint 3 | B17: =SUMIF('Product Backlog'!$G$5:$G$34,A17,'Product Backlog'!$F$5:$F$34) -> 25 | C17: =SUMIFS('Product Backlog'!$F$5:$F$34,'Product Backlog'!$G$5:$G$34,A17,'Product Backlog'!$H$5:$H$34,"Terminado") -> 13 | D17: =IFERROR(C17/B17,0) -> 0.52
A18: Sin sprint (backlog) | B18: =SUMPRODUCT(('Product Backlog'!$G$5:$G$34="")*'Product Backlog'!$F$5:$F$34) -> 47
A19: Nota: el Sprint 3 está en curso (corte 02-10-2026).

Sheet Leyenda
A1: Leyenda
A3: Estado | B3: Significado
A4: Terminado | B4: Cumple la Definition of Done (ver Definition_of_Done.docx).
A5: En revisión | B5: Desarrollado y probado; esperando merge del Pull Request.
A6: En progreso | B6: En desarrollo durante el sprint.
A7: Por hacer | B7: Comprometido en el sprint, aún no iniciado.
A8: Pendiente | B8: En el Product Backlog, sin sprint asignado.
A10: Prioridad | B10: Significado
A11: Must | B11: Imprescindible para el objetivo del hito.
A12: Should | B12: Importante, no bloqueante.
A13: Could | B13: Deseable si hay capacidad.
A14: Won't | B14: Fuera de esta versión.
A16: Cómo usar | B16: Cambiar solo las columnas Sprint, Estado, Fecha de cierre y Evidencia de la hoja Product Backlog; la hoja Resumen se actualiza sola.
